survived,pclass,sex,age,fare
0,3,female,0.5,28.866004017905784
0,3,male,47.27892354469107,20.089531178076566
0,2,male,25.37687622681322,24.90196660472255
1,1,female,29.61969186022752,39.11922075789981
1,1,female,22.966123078060416,111.45458667122939
0,2,female,6.014683644318769,56.626804290111195
1,1,male,19.038151559852636,116.00623029211702
0,3,female,59.36374095829279,9.664462481341033
0,3,male,14.655363052451678,11.733992516588444
1,1,female,7.760406935842298,62.3561279063045
1,3,female,31.97807438369944,16.3467154998984
0,2,male,28.79912878758757,43.799624487817006
0,1,male,25.473382928860932,53.34575636398935
0,3,female,30.202271206931584,14.530748819371917
1,3,female,39.0188365497462,29.767813965577627
1,3,female,21.779709603005603,11.190427179367964
0,3,female,32.72174291595663,17.66140942591285
0,3,female,44.33424526982006,26.110058579763304
1,3,male,16.06595866543287,10.98058034164645
0,2,male,0.5,57.19979533553057
0,3,male,39.39131888934283,20.377282184249708
0,3,male,65.04147605844162,17.029703786877562
0,3,female,29.897034848916583,16.487556664257937
0,1,male,32.82705081492339,61.563100289134084
0,3,male,25.858681936684132,19.666158194373125
0,3,male,52.23285178114362,20.60931744809026
0,1,female,,60.11846475792849
0,3,male,27.388101759790906,6.759202697650733
1,1,female,42.752093399768846,112.06520893959676
0,1,male,,90.2208291066766
0,3,female,12.014288184938039,18.52465588820209
0,2,male,42.352205313639715,25.627182611836112
1,1,female,21.71833909258996,99.57197489211278
0,3,male,16.34355961253582,26.36851546479947
0,3,female,59.40067422002461,28.239577364939223
1,1,female,,137.38430408466238
0,3,male,36.91916515216266,15.921500913928165
0,3,female,30.41339537410887,14.809552523318033
1,3,female,,15.130378082481966
1,3,male,39.65207068030691,8.138104530696896
0,3,male,34.40410577301414,25.340393149517983
0,2,female,20.768682357040944,52.03018113865959
0,2,male,36.06466472998874,33.64396611052725
0,3,male,22.79965868217997,21.54695970111728
0,3,male,14.537064958480578,10.18673595147193
1,1,female,,45.429549421400296
0,3,female,33.7808206934817,25.963730175619826
1,3,female,24.64176698100178,16.777093237098132
0,1,female,51.02385626661546,66.1670154919631
1,1,female,29.398586413268603,105.11806967015443
1,2,female,,14.613450228138138
1,3,female,32.20944694101477,8.293594990799104
0,1,male,11.880257497955512,90.53096952761243
1,2,female,28.822162632654166,44.052505586522265
1,3,female,34.468334870695855,10.711789397925592
0,3,male,32.73941230689427,26.660685072468905
0,2,male,48.23919902727662,30.305499025127894
0,2,male,66.36523976182231,15.633676331739501
1,3,female,39.39956319877799,7.959055696282451
1,3,male,46.50314858899728,21.143979448450814
0,3,female,65.60847723520135,11.252061722848545
1,3,female,15.912838130569337,25.913809779240346
1,2,female,31.82878372285012,51.893663505968135
0,2,male,23.30804855078678,54.13908498132484
0,1,male,41.79720794365501,133.67457864114127
0,1,female,33.80266487267269,65.86358265442412
0,3,female,18.541947521344927,21.53619541532753
0,2,female,,37.85034031565643
0,2,male,44.65691835518239,54.69863342122146
1,3,female,11.74785516564907,12.247016988346491
0,1,male,18.837176221054293,52.561886063554674
0,1,female,16.738148809414678,108.37640799502265
0,1,male,34.569551776816745,47.81798196063413
1,3,female,47.36722511460944,14.366230475370719
0,3,male,1.8637174857158385,9.573383032105312
0,2,male,31.321579888700168,15.99440157419227
0,3,male,17.06090995814742,29.611048839584207
0,3,male,44.07563884761978,12.443853841806108
0,3,male,26.682444142002446,19.992610335202507
0,3,male,31.82943514708357,24.412172032891668
1,3,female,29.981282067171158,23.728945579413292
0,3,female,45.73906324465783,13.219357187314769
1,1,female,58.68084143116896,128.10783954535162
1,1,female,14.114685381659825,131.15399917669285
0,1,male,16.66421434807487,92.45473105672596
1,3,female,34.500970635765896,15.89335892108269
0,3,male,18.57036712377314,10.606835456047632
1,3,male,43.07017278560384,14.715807259970974
1,1,male,45.317644427180724,139.41859123640913
0,3,female,22.34793162854959,23.666774119665924
0,3,male,19.31047826701935,7.345546809886079
1,3,female,26.153093696861934,17.814597578312764
0,3,female,31.456254995482258,19.104869794968632
0,3,female,34.40772065853268,17.35394008879511
0,3,female,0.5,23.296831326568004
1,3,female,16.45562273609834,14.594781397671184
1,3,male,24.342609115811825,28.624176591001902
0,1,male,18.842149355543583,130.02889315748843
0,1,female,0.5,53.41305840290521
1,3,male,3.56278548503429,25.638270583668735
0,1,female,11.724980641818863,85.03798776972911
1,3,male,28.386021188054936,6.880050719070061
0,2,male,23.893169291261664,59.31640867800631
0,3,male,21.15803284459996,17.075296388709468
0,2,male,41.15120945109977,56.71348957319385
0,2,male,41.14587130893267,36.13653390284273
0,3,male,,14.97773376436823
0,2,male,31.681683958061218,23.344964404938594
0,2,male,18.00675228693224,56.47528526840744
0,1,male,19.68210737080861,131.46614345962797
0,3,male,6.09290863624695,24.542177444159936
0,2,male,26.489479955103366,37.77625340313598
1,3,male,41.00037805595675,16.96612176376312
0,3,male,48.96061855484384,6.116530409472469
1,3,female,26.573081989323512,12.738982537826836
0,3,male,36.88336364813567,12.307576163870937
0,3,male,0.5,25.27718115500646
1,2,male,23.939003514422062,45.949537842661655
0,3,male,23.61092667813431,25.141884476067602
0,2,male,50.87635639915536,46.917563856059736
0,3,male,35.50106845289985,23.31103647826123
0,2,female,36.9195759203285,54.123509747156774
0,3,female,36.1925963539859,21.993144900043955
1,2,female,30.6361982526511,16.34219634462986
0,2,male,51.453114631887814,33.09626021028675
0,3,male,0.5,16.1692458617063
0,3,male,,16.82064062240756
1,1,female,45.81723992295389,30.96097688085394
0,3,male,3.520491655302923,7.701937341659708
0,3,male,,15.906111209107932
1,3,female,19.343714622285567,29.29877113149514
1,3,female,31.537423003788575,5.93880800150114
0,2,male,19.074968666764025,44.741378966406295
0,1,male,43.42812347168631,59.95496452927
1,3,male,25.96293366287007,20.836602980894316
0,3,male,41.84115598900097,7.645008985603497
0,1,female,36.09461770770078,144.93962609703317
0,1,male,18.88690522317626,136.05144185496383
0,3,male,37.02602866553735,7.373841185458275
0,2,female,20.71003318782175,26.334451126587417
1,2,male,30.89779331375963,31.85860247800886
0,1,male,25.707678939142802,50.43109825505232
1,2,female,42.59876612944283,39.09326332523539
0,2,female,37.56451179032385,12.76748946090476
0,3,male,29.569898319533607,7.828398441850591
0,2,female,20.400035119820746,44.76292003777168
1,2,female,12.234119142369945,17.107042679895887
0,2,male,31.89918987006977,41.988760078521125
0,2,female,,12.734231037668277
0,1,male,3.708053793966446,90.76206639369748
0,2,male,11.379600426052495,18.870473506059117
0,3,male,52.762254277584034,10.238365598753141
0,1,male,20.760330610147765,125.08689304305764
1,1,female,45.150278885145624,57.02878828022955
1,1,male,25.006903819224068,111.77521385103263
0,3,male,47.35408689225139,29.797321432991044
1,3,male,46.340296244641294,24.744044343365864
0,1,male,18.440264023390796,97.37735324840122
0,3,female,2.168340664693531,13.643256304824948
0,1,female,3.353513321575516,56.92430108381832
1,3,female,18.678738944620104,6.9745149841557925
0,2,male,,29.258131388627024
0,3,female,,24.618085379483958
0,3,female,32.03341530102836,25.6613413113745
0,2,male,48.24671612684746,38.19335159458833
1,3,female,31.544499083563633,26.99823909095934
1,3,male,31.062474539290847,29.993531806452314
1,2,female,38.717284715232054,38.99171191405452
0,1,female,34.04557657713982,68.95305577163336
1,1,female,28.60746052995121,116.53911218566526
1,3,female,19.899709195235808,11.53112831133956
0,3,male,31.098844472116387,29.54763305717357
0,2,male,45.32159715916397,59.486829885613545
0,3,female,,8.21289171110291
0,3,male,34.09187298196474,5.653958558085496
1,3,female,40.57225589134362,22.208269058316922
1,3,female,33.77622990027937,20.10326572141338
1,3,female,28.777388898349564,28.395390602778647
1,2,female,37.19959910057758,16.431203021959604
1,2,female,46.65065968037478,32.28893737797352
0,3,female,17.590934295731966,11.48038334429966
1,2,male,9.680446167619277,54.465937996415974
0,3,male,22.537884505089472,5.89731877972331
1,1,female,32.96326720619585,89.08291134353877
0,1,male,42.178202646697244,34.39556371185833
0,3,female,16.146890452023165,15.270225025242016
0,3,male,0.5,5.459291363452611
0,2,male,22.867718806605772,37.97376297281731
0,3,male,27.285200840784693,25.118149593535776
1,3,female,13.728171232239866,20.387273991667982
0,3,male,19.414726996557633,23.844515027160384
1,1,female,42.14196774121797,80.14889805544914
1,3,female,31.09368097434539,12.74323054378325
0,3,female,34.83870966053045,17.070252333209258
0,1,male,25.020448757452336,85.07636616784185
0,3,male,19.442454246583438,25.9742774168517
0,3,male,24.919424788061985,12.441842889821142
0,3,female,36.984322718515685,21.494091011327093
0,3,female,9.121517041222965,8.424555557738195
0,2,male,53.10238363764816,33.49892173288972
0,2,female,38.04801893955364,52.895853612178385
0,3,male,22.49767853992999,20.21457886599771
0,3,male,41.38769965041101,18.99638450086193
0,3,male,47.11288693902351,29.027956700541004
1,3,male,25.375267305565863,20.68491388289616
0,1,female,26.96781294328914,95.10905430426962
0,1,male,50.908638988622066,57.96535539202469
0,2,male,59.665652056853375,31.86737862162974
0,1,male,30.412099205953506,128.58426934676234
0,3,male,13.784999140754358,12.587405794725381
1,2,male,23.411569831056184,24.414790227712814
0,3,male,44.46222042256881,29.776412718477175
0,2,male,15.576985855806878,24.34078736035156
1,3,female,27.084035203373737,15.116125711002482
0,3,female,34.096188340042815,6.561188279937687
0,1,female,,129.86869280501298
0,1,female,,62.97573729214807
0,2,male,39.715545212861244,43.94504211151037
1,3,female,,6.412085600087051
1,1,female,40.940452542008806,144.16756469812987
